"Block","Block2"
"13-1",13.1
"13-2",13.2
"13-3",13.3
"13-4",13.4
"14-1",14.1
"14-4",14.4
"24-1",24.1
"24-2",24.2
"24-3",24.3
"24-4",24.4
"01-2",1.2
"01-3",1.3
"02-1",2.1
"02-2",2.2
"02-3",2.3
"02-4",2.4
"1_2",1.2
"1_3",1.3
"11-1",11.1
"11-2",11.2
"11-4",11.3
"11_1",11.1
"11_2",11.2
"11_4",11.3
"12-1",12.1
"12-2",12.2
"12-3",12.3
"12-4",12.4
"12_1",12.1
"12_2",12.2
"12_3",12.3
"12_4",12.4
"2_1",2.1
"2_2",2.2
"2_3",2.3
"2_4",2.4
"25-1",25.1
"25-1,2",25.1
"25-2",25.1
"25-3",25.3
"25-3,4",25.3
"25-4",25.4
"30-1",30.1
"30-2",30.2
"30-3",30.3
"30-4",30.4
